{"COHERENCE": [0.19289030373101673, 0.5758586490360532, -0.1642912970964496, 0.3955423443293797, 0.0, 0.0, 0.0, 0.0], "ENGAGENESS": [0.09853830540291379, 0.18603374459872618, 0.0017129206558170343, 0.7137150293425429, 0.0, 0.0, 0.0, 0.0], "INFORMATIVENESS": [23.189547221009704, 40.226323242863415, -71.87570485625268, 9.459834392379557, 0.0, 0.0, 0.0, 0.0], "OVERALL": [0.2562139880425311, 0.35777898569023736, -0.09129221707351581, 0.4772992433407474, 0.0, 0.0, 0.0, 0.0], "APPROPRIATENESS": [0.11989945179385636, 0.6789848031781397, 0.054980042661608164, 0.14613570236639575, 0.0, 0.0, 0.0, 0.0], "CONTENT_RICHNESS": [0.19629780585447598, 0.13637329903080755, 0.25492910052092654, 0.4123997945937899, 0.0, 0.0, 0.0, 0.0], "GRAMMATICAL_CORRECTNESS": [0.3162329441399905, 0.825230090254245, -0.47734287263178365, 0.33587983823754824, 0.0, 0.0, 0.0, 0.0], "RELEVANCE": [0.061180960824628636, 0.8483671464113527, -0.006713950165901935, 0.09716584292992055, 0.0, 0.0, 0.0, 0.0]}